AARON:RONALD,RONNE,RONNIE,ERIN,RON
ABBIGAIL:NABBY,GAIL,ABBEY,ABBI,ABBY
ABEDNEGO:BEDNEY
ABEL:EB,AB,EBBIE,EBBE,ABE
ABIEL:BIEL,AB
ABIGAIL:NABBY,GAIL,GAYLE,NABBE,ABI,ABBEY,AB,TABITHA,ABBI,ABBE,ABBY,ABBIE
ABIJAH:BIGE,ABIAH,AB,BIAH
ABNER:ABBE,AB
ABRAHAM:ABIE,ABRAM,AB,ABEY,ABE
ABRAM:ABE,AB
ABSALOM:ABBE,ABBIE,AB,APP
ACE:ACIE,ACEY
ADA:ADDY
ADALINE:ADDE,ALINE,ADELA,EDITH,ADDY,ADELAIDE,DELIA,ADA,LENA,DELL
ADAM:AD,EDE,ADE
ADDISON:ADDIE,ADDY
ADDY:ADELE
ADELA:DELLA
ADELAIDE:ADDIE,HEIDE,ADDE,ADELA,ADALINE,ELIZABETH,ADDY,DELL,DELLA,HEIDI,ADELIZA,ADELIA,ADELE,ADELINE,LIZA
ADELBERT:DELBERT,DEL,BERT,ALBERT,ELBERT,AD,ADE
ADELE:ADDIE,DELL,ADDY
ADELINE:ADDIE,ADDY,DELIA,ADA,LENA,DELL
ADELPHIA:PHILLE,ADDE,DELPHINA,ADDY,ADELINE,DELPHIA,DELL,ADELE,PHILLY
ADOLPHUS:DOLPH,ADOLPH,ADO
ADRIAN:RIAN
ADRIANE:RIANE
ADRIENNE:ADDIE,RIENNE,ENNE
AGATHA:ADDE,AGGY,AGGIE,AGGE,AG,AGNES
AGNES:AGGY,NESSE,NESSIE,AGGIE,ANN,NANCE,AGGE,INEZ,NESSA
AILEEN:ALLE,EILEEN,HELEN,LENA,ALLIE
AL:BERT,ALEX
ALAN:ALLIE,AL
ALANSON:LANSON,AL,LONSON,ALAN
ALASTAIR:AL
ALAZAMA:ALI
ALBAN:ALBY
ALBERT:AL,BERT,ADELBERT,BIRD,ELBERT,ALLIE,BERTIE
ALBERTA:BERTE,ALLE,ALBERTINE,BERT,ABERTINA,ELBERT,ALLIE,BERTIE
ALDERICK:RICH,RICHE,AL
ALDO:AL
ALDRICH:RICHE,RICH
ALEKSANDR:ALEK,ALEX
ALEVA:LEVE,LEVY
ALEX:LEX,AL
ALEXA:LEXI
ALEXANDER:LEX,SAWNEY,SASHA,SANDER,XAN,ALEXEY,EC,ELSIE,AL,ELECK,ANDE,ALEX,ALECK,SANDE,ALEC,ALEXEI,ZANDER,SANDY
ALEXANDRA:ALY,ALLA,ALLY,SANDRA,LEXIE,ALEX,LEXI,ALLIE,SANDY
ALEXANDRIA:CASS,SASHA,ALLA,XAN,DRINA,SANDRA,ALEXANDER,ELLE,ALEXANDRA,ALEX,CASSANDRA,CASSE,SANDE,LEXA,ELIC
ALEXIA:LEXIE,LEXI
ALEXIS:LEXIE,LEXI
ALFONSE:AL
ALFONSO:ALFY,ALFIE,ALF
ALFONZO:ALFY,ALFIE,ALF,FONZIE,FONZ
ALFRED:ALLY,ALFY,ALFIE,AL,ALFE,FREDDE,ALF,FRED,FREDDY,ALLIE
ALFREDA:FRIEDA,ALFE,ALFY,FREDA,FREDDE,FREDDY
ALGERNON:ALGY
ALICE:LISA,ELE,LISH,ELSE,ALLY,ELSIE,ALICIA,ELICIA,ALLE,ALISON,ELISHA,ELLIS,ALE,ALISHA,ALLIE
ALICIA:ELSIE,LISA,ALLIE
ALINE:ADELINE
ALISON:ALLY,ALI,ALLIE,ALY
ALISTAIR:ALLIE
ALIXANDRA:ALIX
ALLAN:AL
ALLEN:AL
ALLIE:ALI
ALLISANDRA:ALLIE
ALLISON:ALI,ALLIE
ALLYSON:ALLY,ALI,ALLIE
ALLYSSA:ALLY,ALLIE
ALMENA:ALLE,MENA,ALLIE
ALMINA:MINNIE,MINNE
ALMIRA:MYRA
ALONZO:LONNIE,LONZO,AL,LONNY,LON,ALPHONZO
ALPHINIAS:ALPHUS,PHINEAS,APHINIUS,FINNIUS
ALTHEA:ALLY,THEA
ALVERTA:VIRDIE,VERT
ALVIN:ALVIE,ALVY,ALLIE
ALYSON:ALI
ALYSSA:LISSIA,ALY,ALLY,AL
ALZADA:ZADA
AMALIA:MOLLE,AME
AMANDA:MANDY,MANDA,ARMANDA,MANDE
AMBROSE:AMBERS,BROSE,AMBY,AMBIE
AMELIA:MILLE,MOLLE,PARMELIA,AMY,MELLE,MEL,EMILY,PERMELIA,MELIA,AME,EMILE,MILDRED,MILLIE
AMOS:MOSES
ANASTASIA:ANA,STACE,STACY
ANDERSON:SONNE,ANDY,ANCE,ANDER,ANDE,ANDRE
ANDRE:DREA
ANDREA:ANDY,ANDRIA,REA,DREA,ANDREW,ANDE
ANDREW:ANDREAS,ANDY,ANDREY,ANDREI,ANDE,DREW
ANDRIANE:ADRI,RIENNE,ADA
ANDY:DREW
ANGELA:ANGELINE,ANGELICA,JANE,ANGE,ANGELINA,LENA,ANGEL,ANGIE
ANGELICA:ANGEL,ANGIE
ANGELINA:LINA,ANGEL,ANGIE
ANN:JO,ANNIE,NANCY,NAN,NANNY,NANNIE,NANA
ANNA:ROSEANNE,ANNIE,CHRISTINA,ANN,NANCE,SUSANNA,MARYANNE,ANNE,ANTOINETTE,NANNE,HANNAH,NAN,NANA,ANNETTE
ANNABELLE:BELLE
ANNE:ANNIE,NANCY,ANN,NAN,NANNY,NANA
ANNETTE:NETTIE,ANNA
ANNIE:NANNIE,ANN,ANNA
ANSELM:SELMA,ANSE,ANSEL,ANCE
ANTHONY:ANT,ANTONIO,TONY,ANTOINE,TONE
ANTOINETTE:ANTONIA,ANN,NETTA,NETTE,TONY,NET,TONE
ANTONIA:ANN,TONI,TONIA,NETTA,TONY
ANTONIO:TONY,ANT
APHRODITE:EPAPHRODITIUS,DYCHE,DITUS,DITE,EPAPHRODITUS,DYCE,EPPA
APPOLINE:APPE,APPY,APPIE
AQUILLA:QUILLA,QUILLE,QUILLIE,QUIL,ACUILLA
ARA:BELLE,ARRY
ARABELLA:ISABELLA,ARABELLE,BELL,ARRE,ANABELLE,ARA,MEHITABEL,BELLA,ARRY,BELLE
ARABELLE:ARA,BELLE,BELLA,ARRY
ARAMINTA:ARMIDA,RUMINTA,MIDDIE,MINTY
ARCHIBALD:BALDO,ARCHIE,ARCHELOUS,ARCHE,BALDE,ARCH
ARCHILLES:KILLIS,KILL
ARDESHIR:ARDE
ARIADNE:ARIE,ARI
ARIELLE:ARIE,ARE
ARISTOTLE:TELLE,TELLY
ARIZONA:ONA,ONIE
ARLENE:ARLY,LENA,ARLE
ARMANDA:MANDY
ARMENA:MENA,ARRE,ARRY
ARMILDA:MILLY,MILLE
ARMINDA:MINDIE,MINDE
ARMINTA:MINITE,MINNIE
ARNOLD:ARNIE,RONALD,ARNE
ARON:RON,ERIN,RONNIE
ARTELEPSA:EPSEY
ARTEMUS:ART
ARTHUR:ARTY,ART,ARFIE,ARTIE
ARTHUSA:THURSA
ARZADA:ZADDI,ZADDE
ASAHEL:ASA
ASAPH:ASA,ASAHEL
ASENATH:NATTY,SENE,ASSENE,NATTE
ASHLEE:ASH
ASHLEY:LEAH,LEE,ASH
AUBREY:BREE
AUDREY:AUDIE,DEE
AUGUST:GUS
AUGUSTA:AUGUSTINA,AUGE,AGGY,AUGUST,GUS,GUSSIE,AGGE,AUGUSTA,GUSSE,GATSY,GUSE,TINA
AUGUSTINA:GUSSIE,GATSY,AGGY,TINA
AUGUSTINE:AUSTIN,AUGUST,GUS
AUGUSTUS:AUSTIN,GUSTUS,GATSBE,AUGUST,GUS,GATSE,AUGUSTINE,GUSSE,AUGIE
AURELIA:AURILLA,REE,RILLE,ORILLA,RILLY,ORA
AURILLA:ORILLA,RILLE,ORA
AVARILLA:RILLA
AZARIAH:RIAH,TIAH,AZARICH,AZE
AZUBAH:ZUBIAH
BAB:BARBY
BABS:BARBARA,BARBY,BAB
BARBARA:BAB,BOBBE,BOBBIE,BARBERE,BAR,BARB,BARBARE,BABBE,BABS,BARBE,BARBIE,BARBY
BARBERY:BARBARA
BARBIE:BARBARA
BARNABAS:BARNARD,BARNE,BERNE,BERNARD,BARNEY
BARNABY:BARNEY
BARNETT:BARNEY
BARNEY:BARNABAS
BARRY:BEAR,BAR,BAZZA,BAZ,BERRE
BART:BARTHOLOMEW
BARTHOLOMEW:BARTEL,BAT,BART,BARTH,BATT,MEES,MEUS
BARTICUS:BART
BASIL:BAZ,BAZZA
BAZALEEL:BASIL
BEA:BEATRICE
BEATRICE:TRIXE,TRISHA,TRISSE,TRIXIE,TRIX,BEA
BEATRIX:TRIXIE
BECCA:BECK
BECK:BECKY
BECKY:BECKI,BEKI
BEDELIA:PHIDELIA,BRIDGIT,ADELAIDE,DELIA,CORDELIA,FIDELIA
BELINDA:PHILINDA,LYNNE,BELL,LYN,LINDA,MELINDA,BELLE
BELLA:ISABELLA,ARABELLA,BELLE
BELLE:BELL
BEN:BENNIE
BENEDICT:BENNIE,BENNETT,BENNE,BEN
BENJAMIN:BENJE,BENJIE,BENJI,BENJY,JAME,BENNE,BENNIE,BENNY,JAMIE,BEN
BENJY:BENJAMIN
BERNADETTE:BENNIE,BENNY
BERNARD:BERNEY,BERNIE,BARNEY
BERNEY:BERNIE
BERNICE:BENNIE,BENNY
BERT:BOBBY,BERTIE,BOB
BERTHA:BERTE,BIRDIE,BRIDE,BERT,BERTIE
BERTRAM:BERT,BERTIE
BESS:BESSIE
BESSIE:BESSY
BETH:ELIZABETH,BETTY,BETSY
BETHANY:BETH
BETHENA:THANEY,BETH
BETTY:BETTE
BEVERLY:BEVERLE,BEV
BEZALEEL:ZEELY
BIDDIE:BIDDY
BILL:WILLIAM,WILLIE,FRED,BILLY,ROBERT
BILLY:FRED,ROBERT,WILLIAM
BLANCHE:BEA
BOB:ROB,ROBERT
BOBBY:ROB,BOB
BOETIUS:BO
BONITA:BONNE
BRAD:BRADFORD,FORD
BRADFORD:BRADLE,BRAD,FORD
BRADLEY:BRAD
BRADLY:BRAD
BRADY:BRODY
BREANNA:BRI,BREE
BREEANNA:BREE
BRENDA:BRANDY
BRIAN:BRI,RIAN,RYAN,BRYANT,BRYAN
BRIANNA:BRI
BRIDGET:BRIDIE,BIDDY,BRIDGIE,BRIDE,BIDDE,BIDDIE,BRIDGE,DELIA,BRE
BRITTANY:BRITT
BRITTNEY:BRITT
BRODERICK:RICKE,BRADE,RICHARD,BRODE,BRADY,RICK,RICKY,BRODY
CADEN:CADE
CAITLIN:CAIT,CAITY
CAITLYN:CAIT,CAITY
CALDONIA:DONA,CALLE,CALLIEDONA
CALEB:CAL,CALE
CALIFORNIA:CALLIE,CALLE
CALISTA:KISSE,KISSY
CALPURNIA:CALLY,CALLE
CALUM:CAL
CALVIN:VIN,CAL,VINNY,VINNE
CAMERON:CAM,RON,RONNE,RONNY
CAMILLA:MILLY,MILLIE
CAMILLE:MILLE,CAMME,CAMMIE,MILLIE
CAMPBELL:CAM,CAMP
CANDACE:DACE,CANDY,CANDE,CANDI,DACEY
CANDICE:CANDY
CARLOTTA:LOTTE,LOTTIE
CARLTON:CARL
CARMELLIA:MELLIA
CARMELO:MELO
CARMON:CARM,CAMMIE,CHARM
CAROL:CARRIE,CASSIE,CAROLE,LYNN,CAROLANN,CAROLINE
CAROLANN:CAROL,CAROLE
CAROLINE:CARRIE,CAROL,CAROLE,CARO,CAROLYN,CARY,OROLIA,CASSE,KERE,CALLIE,KARE,CASSIE,CAROLINA,CAL,CARRE,LYNN,LENA,CADDE,CALLE
CAROLYN:LYNN,CARRIE,CASSIE,LYN
CARRIE:CASSIE
CARTHAETTE:ETTE,ETTY,ETTA
CASEY:K.C.,KASE,KC
CASPER:JASPER
CASSANDRA:SANDRA,CASS,CASSIE,SANDY
CASSIDY:CASS,CASSIE
CASWELL:CASS
CATHERINE:CATHIE,CASEY,CAT,KATE,KIT,KATY,CATHI,KATIE,CATH,CATY,KITTIE,CATIE,KAY,CATE,KATHY,CASSIE,CATHY,LENA,TRINA
CATHLEEN:KIT,KATY,CASSIE,CATHY,KITTIE,CASEY,KAY,LENA,KATHY,TRINA
CATHY:CATHIE,CATHLEEN,CATHI,KATHY,CATHERINE
CECILIA:CISSY,CECELE,SISSY,CELIA,CISSE,CECILE,CILLA,CEECEE
CECILY:CECIE
CEDRIC:RICKY,CED,RICK
CEDRICK:RICKE,CED,RICK
CELESTE:CELIA,LESSIE,LESSE
CELINDA:LINDA,LYNN,LINDE,LINDY
CHADWICK:CHAD
CHARITY:CHAT
CHARLENE:CHARLIE,CHARLEY
CHARLES:CHAZ,CHARLE,KARL,CHAD,CHARLIE,KAREL,BUCK,CHICK,CARL,CHAS,CHIP,CHARLEY,CHUCK
CHARLIE:CHUCK,CHARLES
CHARLOTTE:CAR,LOTTE,SHERRY,LETTE,CHARLIE,CHAR,SHERRE,CARLOTTA,LOTTA,CHARLEY,LOLLE,LOTTIE
CHAUNCEY:CHANCE,CHAN
CHAUNCY:CHAN
CHER:SHER
CHERILYN:CHER
CHERYL:CHER,SHERYL
CHESLEY:CHESLE,CHET
CHESTER:CHET
CHET:CHESTER
CHICK:CHUCK,CHARLOTTE,CAROLINE
CHLOE:CLO
CHRIS:CHRISTINA,CHRISTINE,CHRISTOPHER
CHRISTA:CHRIS
CHRISTIAN:CHRIS,KRIS,CHRISTOPHER,KIT
CHRISTIANA:KERSTE,CRISTINA,CHRISTINE,KRISTY,KRISTINE,CRIS,CHRISTE,CHRISTINA,XENA,ANN,XINA,CHRIS,KRISTE,CRISSE,CRISSY,CHRISTY,KRIS,TINA
CHRISTIANO:CHRIS
CHRISTIE:KRISTI,KRISTY,CHRISTY,KRISTIE
CHRISTINA:KRISTY,KRISSY,KRISTIE,KRISTI,CHRISSY,CHRIS,CHRISSIE,CRISSY,CHRISTY,KRIS,TINA
CHRISTINE:KRISTY,KRISSY,CHRISSY,CHRISTIE,CHRIS,CHRISSIE,CRISSY,KRIS,TINA
CHRISTOPH:CHRIS
CHRISTOPHER:KIT,CHRIS,KESTER,CHIP,CHRISTIAN,KRIS,CHRISTIE
CHRISTY:CRISSY
CHUCK:CHUCKIE,CHUCKY
CICELY:CILLA
CINDERELLA:RELLA,CINDY,RILLA,ARILLA
CINDY:CINDERELLA
CLAIR:CLARE,CLARA
CLAIRE:CLARE,CLARA,CLAIR
CLARA:CLARISSA
CLARE:CLARA
CLARENCE:CLARE,CLAIR
CLARINDA:CLARA
CLARISSA:BELINDA,CISSY,CLARINDA,PHILINDA,CLAIR,CISSE,CLARE,CLARA,MELINDA,CLARICE,CLAIRE
CLAUDIA:CLAUD
CLAYTON:CLAY
CLEATUS:CLEAT
CLEMENT:CLEM,CLEMMIE
CLEMENTINE:CLEMENT,CLEM
CLIFF:CLIFFORD,CLIFF
CLIFFORD:CLIFF,FORD
CLIFTON:TONE,TONY,CLIFF
COLE:COLIE
COLUMBUS:LUM,CLUM
CON:CONNY
CONCEPCIÃ“N:CONNIE
CONOR:CON
CONRAD:CON,CONNE,CONNY
CONSTANCE:CONNIE,CONNE
CONTENT:TENTE
CORA:CORRIE
CORDELIA:FEDELIA,ADELAIDE,CORDE,CORDY,DELIA,BEDELIA
COREY:REE,CORDY,COCO
CORINNE:CORA,CORRIE,ORA
CORNELIA:CORNE,CORRIE,NELIA,NELLE,CORNIE,NEELE,CORNY,NELLY
CORNELIUS:CON,CONNE,NEIL,NIEL,NEAL,NEELE,CONO,CORNY,CONNY
CORY:REE,CORDY,COCO
COURTNEY:CURT,COURT
CRYSTAL:CHRIS,CRYS,TAL,STAL
CURTIS:KURT,CURT,KURTIS
CYNTHIA:CINTHA,CINDE,CINTHIA,LUCINDA,CINDY
CYRENIUS:CY,CENE,RENIUS,SWENE,SERENE
CYRIL:CY
CYRUS:SI,CY
DAHL:DAL
DAL:DAHL
DALTON:DAL,DAHL
DAN:DANNY
DANIEL:DANIAL,DANI,DAN,DANN,DANNE,DANNY
DANIELA:DANNY
DANIELLA:DANNY
DANIELLE:DANE,DANI,ELLIE,DANELLE,DANNY
DANNY:DANNIE,DAN,DANIEL,DANI
DAPHNE:DAPHIE,DAPHE,DAPH
DARLENE:DARRE,LENA,DARRY
DARWIN:DARE
DAVID:DAVY,DAVEY,DAVIE,DAVE,DAVO,DAY
DEANNE:DEE,ANN
DEBBIE:DEBRA,DEBORAH,DEB,DEBBY
DEBBY:DEB
DEBORA:DEBBIE,DEB,DEBBY
DEBORAH:DEBBIE,DEB,DEBBY,DEBI,DEBORA,DEBRA,DEBBE
DEBRA:DEBBIE,DEB
DEIDRE:DEEDEE
DELBERT:DEL,DILBERT,BERT
DELIA:FIDELIA,CORDELIA,DELIUS
DELILAH:DELL,DELLA,LIL,LILA
DELIVERANCE:DILLY,DELLY,DELLE,DELLA,DILLE
DELL:DELLA
DELLA:ADELA,DELL,DELILAH,ADELAIDE
DELORES:LOLLY,DODE,DEE,DELL,DELLA,LOLA,LOLLE
DELPHA:PHILADELPHIA
DELPHINE:DEL,DELPHI,DELF
DEMARIS:MARY,MARIS,DEA
DEMERIAS:MARY,DIMMIS,MARIS,DEMARIS,DAMARIS,DEA
DEMOCRATES:MOCK
DENIS:DENNY
DENISE:DENYS,DENYSE
DENNIS:DENNE,DENNY,DENNISON,DEN
DENNISON:DENNY
DEREK:DEL
DERMOT:JEREMY
DERRICK:ERIC,RICHE,DIRCH,RICK,RICKY
DESIREE:DESIRE,DESRE,DESREE,DESE
DESMOND:DES
DEUTERONOMY:DUTY
DIANA:DICEY,DIANE,DICE,DI,DIDI
DIANE:DIDI,DICEY,DI
DIARMAID:JEREMY,DERMOT
DIARMID:JEREMY,DERMOT,DIARMI
DIARMUID:JEREMY,DERMOT
DICEY:DICIE
DICK:DICKIE,RICK,RICHARD
DICKSON:DICK
DOLORES:DOLLY
DOMENIC:DOM
DOMINIC:NICK,DOM
DOMINICK:DOM
DON:DONNY,DONNIE
DONALD:DONNY,DON,DONNE,DONNIE,DONY
DONNIE:DONNY
DONOVAN:DON,DONNY,DONY,DONNIE
DORCUS:DARKEY
DORINDA:DOROTHEA,DORA
DORIS:DORA
DOROTHEA:DODA,DORA
DOROTHY:DOROTHEA,DODE,DOTTE,DOLLE,DEE,DORA,DOLL,DODA,DORIS,DOTTY,DOT,MEDORA,DOLLY,DOTHA,DORINDA,DORTHA,DODIE
DOT:DOTTY
DOTHA:DOTTY
DOTTY:DOT
DOUGLAS:DOUG,DOUGIE
DRUSILLA:SILLA
DUANE:DWANE,DWAYNE,DEWAYNE
DUNCAN:DUNKY,DUNK
EARNEST:ERNEST,ERNE,ERNESTINE,ERNIE
EB:EBBIE
EBBIE:EB
EBEN:EBBIE
EBENEZER:EBBE,EB,EBBIE,EBEN
EBERHARD:EBBE
ED:EDDIE,EDDY
EDDIE:ED,EDDY
EDDY:ED
EDGAR:EDDIE,ED,EDDY
EDITH:EDYE,EDNE,EDNA,DICE,EDE,EDIE
EDMOND:EDDIE,ED,EDDY
EDMUND:EDWARD,NED,EDDY,EDDIE,ED,SIGISMUND,TED
EDNA:EDNY
EDUARDO:EDDIE,ED,EDDY
EDWARD:TEDDE,EDGAR,NED,EDMUND,TEDDIE,EDDE,EDDY,EDDIE,TEDDY,ED,TED
EDWIN:EDWARD,NED,EDDY,EDDIE,WIN,ED
EDWINA:EDWIN,WINNE,EDWARD
EDYTH:EDIE,EDYE
EDYTHE:EDIE,EDYE
EGBERT:BURT,BERT
EIGHTA:ATHY
EILEEN:HELEN
ELAINE:ALAINA,LAINE,ELAINA,ELEANOR,HELEN,LAINIE
ELBERT:ELBIE,ALBERT
ELBERTSON:ELBERT,BERT
ELEANOR:NELL,ELLIE,LANNA,NELLIE,ELLE,ELENORA,LENORA,NELLE,ELAINE,HELEN,ELINAMIFIA,LEONORA,ELLEN,HONORA,ELLA,NORA,ELNORA,NELLY
ELEAZER:LAZAR
ELECTRA:LECTA,ELECTA
ELENA:HELEN
ELIAS:ELI,LEE,ELE,LIAS
ELIJAH:ELI,LIGE,ELE,LIG
ELIPHALEL:LIFE
ELIPHALET:FALLE,LEFT,ELIPHAL
ELISA:LISA
ELISABETH:BETH
ELISHA:ELI,LISH
ELIZA:ELIZABETH
ELIZABETH:BETTE,BESS,LILIBET,ELLIE,TESS,BESSE,BETH,BETSE,LIZ,ALICE,LIZABETH,ALISHA,LIZA,LIZZE,IZZY,LIZZIE,BAISE,LIZZY,BITSE,LIDDE,ELSE,ELISSA,BETHIA,LIBBE,LISA,ELIZA,BESSY,BESSIE,ELIS,LISE,LIBBY,LIB,BETSY,BETTY,BAISSE
ELLA:ELLEN
ELLEN:HELEN,NELLIE,NELL
ELLENDER:HELEN,NELLIE,ELLEN
ELLIE:ELLY
ELLSWOOD:ELSEY
ELMINIE:MINNIE
ELMIRA:ELLIE,ELLE,MIRA,ELLY,MYRA
ELNORA:NORA
ELOISE:LOUISE,HELOISE
ELOUISE:LOUISE
ELSIE:ELIZABETH,ELSEY,ALICE
ELSWOOD:ELSEY
ELVIRA:ELVIE
ELWOOD:WOODE,ELLS,ELLE,WOODY
ELYSIA:LISA
ELZE:ELSEY
EMANUEL:MANNE,MANUEL,IMMANUEL,MANNY
EMELINE:LINA,MILLE,EMMER,EMILE,AMELIA,EMM,EMILY,MILLY,EMME,ERMA,EM,EMMY,EMILINE,EMELINE,EMMA
EMIL:EMILY
EMILY:MEL,MILLY,EM,EMMY,EMMIE,EMMA,MILLIE
EMMA:EM,EMMY,EMMIE
EMMANUEL:MANNIE,MANNY
EMMY:EMMIE
ENEDINA:NINA
ENRICO:RICO
EPAPHRODITIUS:DYCHE,DITUS,DITE,DYCE,EPPA
EPHRAIM:EPH
ERASMUS:RAZE,RASMUS
ERIC:RICKE,RICKY,DERRICK,RICK
ERNEST:ERNIE
ERNESTINE:TEENY,ERNEST,ERNA,TINA
ERWIN:IRWIN
ESENETH:SENE,SENIE
ESSY:ES
ESTELLA:ESSE,ESSY,ESTELLE,STELLA
ESTELLE:ESSY,STELLA
ESTHER:ESSIE,HETTY,HETTIE,HESTER
ETHEL:ETH
EUDICY:DICEY
EUDORA:DOROTHY,DORA
EUDORIS:DOSIE,DOSE,DOSSIE,DOSSE
EUGENE:GENE
EUGENIA:GENE,JENNE,EUY
EUNICE:NICIE
EUPHEMIA:EFFE,EFFIE,PHEMIE,EFFY
EUPHROSINA:ROSE,FENA,FENEE
EURYDICE:DICEY,DICE
EUSTACIA:STACIA,STACE,STACY
EVA:EVE,EVIE
EVALINE:EVA,EVE,LENA
EVANGELINE:VANGIE,EVAN,EVIE,VANGE,EV
EVE:EVIE
EVELYN:EVELYN,LYN,EVELINA,EVIE,EVE,EV
EXPERIENCE:EXIE,PEDDE
EZEKIEL:EZ,ZEKE
EZIDEEN:EZ
EZRA:EZ
FAITH:FAY
FAY:FAYE
FELICIA:FELIX,FEL,FELI
FELICITY:TICK,FELICIA,FLISS,FLICK
FELTIE:FELTY
FERDINAND:FERDIE,FERDE,FREDDIE,FERD,FRED,FERDY,NANDY,FREDDY
FERDINANDO:NANDO,FERDIE,FRED
FERNANDO:NANDO
FIDELIA:DELIA,CORDELIA,PHIDELIA,ADELAIDE
FIONA:FI
FLO:FLORENCE
FLORA:FLORRIE,FLORENCE,FLO
FLORENCE:FLOY,FLORA,FLORRIE,FLO,FLOSSY,FLOSS,FLOSSIE,FLOSSE
FLOYD:LLOYD
FRAN:FRANNIE
FRANCES:FRAN,CISSY,FRANNIE,FANNIE,FRANKIE,FAN,CISSE,FRANNY,FANNE,FRANCIE,FAY,FANNY,FRANNIEY,SIS
FRANCIE:FRANCINE
FRANCINE:FRAN,FRANNIE,FRANNY,FRANCIE,FRANNIEY
FRANCIS:FRAN,FRANKE,FRANKISEK,FRANKIE,FRANZ,FRANKLIN,FRANK
FRANK:FRANKLIN
FRANKIE:FRANK,FRANCIS
FRANKLIN:FRAN,FRANKIE,FRANK
FRANKLIND:FRANK
FRED:FREDDY
FREDA:FRIEDA
FREDERICA:FRIEDA,FREDRICKA,RICKA,FREDA,FREDDE,FREDDY,FREDERICK
FREDERICK:FREDERIK,FRISH,FREDRIC,FREDDIE,FREDDE,FRED,FRITZ,FREDDY,FRITS,FREDRIK
FREDERICKA:FRIEDA,RICKA,FREDA,FREDDY
FREDONIA:DONNA,DONIA
FRIEDA:FRED,FREDDIE,FREDDY
GABBY:GABE
GABRIEL:GABE,GABBE,GABBY
GABRIELA:GABBY
GABRIELLA:GABBY,ELLA
GABRIELLE:GABBE,GABBY,GABRIELLA,ELLA
GABRILLA:GABRIELLE,RILLA
GAIL:GAYLE
GARETH:GARY,GARE,GAR
GARRICK:GARRI
GARY:GARRY,GARE,GAR
GAVIN:GAV
GENEVIEVE:JENNE,JINSE,JANE,JEAN,JENNY,NEVA,GEN,VIRGINIA,GENCE,EVE
GEOFF:JEFF
GEOFFREY:GEOFF,JEFF
GEORGE:JORGE,GEORDIE,GEORGIE
GEORGIA:GEORGE,GEE,GEORGIANA
GEORGIANA:GEORGIA
GEORGINA:GINA,GEORGE,GEORGIE
GERALD:JERRE,GERRY,GERRE,JEREMIAH,JERRY
GERALDINE:JERRE,GERI,GERRY,JERI,GERRIE,GERRE,DEANNE,DINA,GERE,JERRY,JERRI,GERRI
GERARD:JERRY,GERRY,GED
GERHARDT:GAY
GERRY:JERRY
GERT:GERTIE
GERTIE:GERT,GERTRUDE
GERTRUDE:TRUDE,TRUDY,TRUDIE,GERTIE,GERTE,GERT,GATTE
GILBERT:WILBER,GIB,BERT,GIL
GILFORD:GIL
GINA:GENA
GINEVRA:GINNY
GINGER:GING
GIOVANNI:GIO
GLORIA:GLORY,GLORE
GORDON:DON,GORDY,GORDIE
GOVERNOR:GOVIE
GRACE:GRACIE
GREENBERRY:BERRY,GREEN,BERRE
GREGGORY:GREGG
GREGOR:GREG
GREGORY:GREG,GREGG,GORY
GREIG:GREG
GRETCHEN:MARGARET
GRISELDA:GRISSEL
GUM:MONTY
GUS:GUSSIE
GUSTAV:GUS
GUSTAVUS:GUSSIE,GUS
GWEN:WENDY
GWENDOLYN:WENDY,GWEN,WENDE
HALLIE:HALLY
HAMILTON:HAM,HAMP
HANNAH:JOANNA,NANNE,ANNA,NAN,NANNY,SUSANNAH
HAROLD:HARRE,HANK,HAL,HENRY,HARRY
HARRIET:HATTE,HALLY,HATTIE,HALLIE
HARRY:HAROLD,HENRY,HAL
HARVEY:HARVE
HASELTINE:HASSIE
HEATHCLIFF:HEATH
HEATHER:HETTY
HELEN:NELL,ELLIE,NELLIE,ELLEN,LENA,ELLA,NELLY
HELENA:AILEEN,NELL,ELENA,NELLIE,ELEANOR,EILEEN,NELLE,ELAINE,HELEN,ELLENDER,HELENE,LENA,ELLEN,ELLA
HELENE:ELLIE,ELLEN,LENA,ELLA
HELOISE:ELOUISE,LOIS,ELOISE
HENDRICK:HENK,HENRY
HENRIETTA:NETTIE,HANK,HETTIE,NETTE,HETTE,ETTA,HETTY,ETTY,ETTE,RETTA
HENRY:HAROLD,HEN,HENCE,HARRE,HANK,HAL,HARRY
HEPHSIBAH:HIPSIE
HEPSABAH:HEPHSIBAH,ELIZABETH,HEPSABEL,ROSABELLA,HEBSABETH,HEPSE,HEPSIBAH
HEPSIBAH:HIPSIE
HERBERT:HERB,BERT,HERBIE
HERMAN:HARMAN,DUTCH
HERMIONE:HERME,HERMIE,HERMOINE
HESTER:HESSE,ESSE,HESSY,HETTIE,HETTE,HETTY,ESTHER
HETTY:HETTIE
HEZEKIAH:HY,HEZ,KY,KIAH
HIRAM:HY,HILE
HONORA:NORAH,ELEANOR,NORRY,NORRE,NORA,HONEY,HONE
HOPKINS:HOPP,HOP
HORACE:HORRE,HORRY,HORATIO
HORTENSE:TENSEY,TENSE,HARTY
HOSEA:HOSE,HOSIE,HOSEY
HOWARD:HOWIE,HOWE,HAL
HUBERT:HUGH,HUB,BERT,HUGO
HUGH:HUEY,HUGHIE
HUMPHREY:HUFFIE
IAN:JOHN
IENKEN:JILL
IGNACIO:NACHO,NACIO
IGNATIUS:IGGY,NACE,NATE,NATIUS,IGGE
IGNATZIO:IGGY,NACE,NAZ
IMMANUEL:MANUEL,EMMANUEL,MANNIE,MANNY
INDIA:INDIE,INDE,INDY
INDIANA:INDY
INEZ:AGNES
IONA:ONNIE,ONNE
IRENE:REENE,RENNE,RENA
IRVIN:IRVING
IRVING:IRV
IRWIN:ERWIN
ISAAC:IKE,ZEKE
ISABEL:IZZIE,IB,BEL,TIBBIE,NIBBY,ISY,BELL,IZZY,NIB,ISSY,BELLA,BELLE
ISABELLA:IB,BEL,ISABELLE,ELIZABETH,TIBBIE,NIBBY,ISABEL,NIB,BELLA,IZZY,ISSE,SABE,TIBBE,NIBBE,IZZIE,ARABELLA,ISY,BELL,SABRA,ROSABELLA,ISSY,BELLE
ISABELLE:IZZIE,IB,BEL,TIBBIE,NIBBY,ISY,BELL,IZZY,NIB,ISSY,BELLA,BELLE
ISADORA:ISSY,DORA
ISAIAH:ZADIE,ZADE,ZAY
ISIDORA:ISSE,DORA
ISIDORE:IZZE,IZZY,DORE
ISOBEL:IZZIE,BEL,ISY,BELL,IZZY
IVA:IVY
IVAN:VAN,JOHN
JACK:JACKO,JACKIE,JACKY,JAK
JACKSON:JACK
JACOB:JAAP,JAY,JACOBUS,JAKE
JACOBUS:JACOB
JACQUELINE:JACK,JACLYN,JACLIN,JACQUI,JACKE,JACQUE,JACKLIN,JAKE,JACKIE,JACKY,JACKLYN
JACQUELYN:JACKIE
JAHODA:HODY,HODIE,HODA
JAKOB:JAKE
JAMES:JAMEY,JAMESON,JIMBO,JIMME,JEM,JIM,JIMMY,JIMMIE,JAME,JAKE,JAY,JIMI,JAMIE,JIMMER
JAMIE:JAMES,BEN
JANE:JOAN,JINSE,JANE,JANEY,JAYCE,NETTE,JOANNA,JENNE,JANYCE,JANICE,JAN,JANETTE,JINCE,JC,JEANNE,JEAN,JESSE,JENNIE,JESSIE,VIRGINIA,JANET,JANIE,JANETT,GENEVIEVE,JENNY,JANIECE
JANET:JAN,JESSIE
JANICE:JAN
JANNETT:NETTIE
JASMINE:JAS,JAZ
JASON:JACE,JAY
JASPER:CASPER,JAP
JAYME:JAY
JEAN:JEANNIE,JANE,JEANIE
JEANETTE:JESSIE,JEAN,JANET,NETTIE
JEANNE:JEANNIE,JANE
JEANNETTE:NETTIE
JEBADIAH:JEB
JEDEDIAH:JED,DIAH,DYER,JEDIDIAH
JEDIDIAH:JED,DIAH,DYER
JEFFEREY:JEFF
JEFFERSON:SONNE,GEOFF,SONNY,GEOFFRE,JEFFERY,JEFFRE,JEFF
JEFFERY:JEFF
JEFFREY:GEOFF,JEFF
JEHIEL:HIEL
JEHU:HUGH,GEE,JOHN,JAYHUGH
JEMIMA:JEMMA,JEM,MIMA,MIME
JENNET:JESSE,JENNY,JESSIE,JENN
JENNIFER:JENNE,WINIFRED,JENN,JEN,JENNY,JENNI,JENNIE
JEREMIAH:JERRE,JEM,JERRY,JEREMY,JEREME
JEREMY:JEZ,JEM,JERRY,JEZZA
JERILYN:JERRY,JERRI,JERI
JERITA:ROSARITA,MARGARITA,RITA
JERROLD:JERRY
JERRY:GERALDINE,JEREME
JESSE:JESS
JESSICA:JANE,JESS,JESSE,VIRGINIA,JESSIE
JESSIE:JANE,JESSE,JESS,JANET
JILL:JILLY
JILLIAN:JILLY
JIM:JIMMY,JIMMIE
JIMMY:JIM,JIMI
JINCY:JANE
JINSY:JANE
JO:JODI,JODIE,JODY
JOAN:NONIE,JO
JOANN:JO
JOANNA:NONE,JOAN,JOHANNAH,JODE,JOANNE,SUZANNAH,JANE,JEAN,JOHANNA,JOJO,ANNA,HANNAH,JOANNAH,JO,JOANN,JODY
JOANNE:JO,JOJO
JODY:JO
JOE:JO,JOEY,JODY
JOHANNA:JO
JOHANNAH:NONIE,JOAN,JODY,HANNAH
JOHANNES:JOHNNY,JONATHAN,JOHN,JOH
JOHN:JACKE,JOHNNE,JACKIE,JAQUES,JONNIE,JONNY,JAN,JACKY,JOCK,HANS,JON,JACK,JEAN,JOHNNIE,IAN,JACKSON,IVAN,JOHNATHAN,JOHNNY
JOHNATHAN:JONNY,JOHNY,JONATHON,JOHN,JONATHAN,NATHAN,JOHNATHON,JON,JONNIE
JOHNATHON:JONNY,JOHNY,JOHNATHAN,JONATHON,JOHN,JONATHAN,JON,JONNIE
JON:JONNY,JOHNNY,JOHN,NATHAN,JONNIE
JONATHAN:JONNY,JON,JOHNY,JONTY,JOHNNE,JOHNATHAN,JONATHON,JOHN,NATHANIEL,JONATHAN,JOHNATHON,NATHAN,JONNIE
JONATHON:JONNY,JOHNY,JOHNATHAN,JOHN,JONATHAN,JOHNATHON,JON,JONNIE
JOSEPH:JODE,JOS,PEPE,JOSEFA,JO,JOEY,JOE,JODY
JOSEPHINE:JODE,JOSIE,JOSEY,JOSEPHA,PHENE,FINA,JOSE,JO,JOEY,JODY
JOSETTA:JETTIE
JOSEY:JOSOPHINE
JOSHUA:JOSH,JOS
JOSIAH:SI,JOSEPH,JOS
JOYCE:JOY
JUANITA:NETTE,NITA,NETTIE
JUDAH:JUDER,JUDE
JUDITH:JUDA,JODI,JODIE,JUDY,JUDIE,JUDE,JUDI,JODY
JUDSON:SONNE,SONNY,JUD
JUDY:JUDITH,JUDIE
JULIA:JULE,JULIE,JILLY,JILL,JULIET,JULEY
JULIAN:JULE
JULIAS:JULIAN,JULE,JULIUS
JULIE:JULIA,JULE
JUNE:JUNIUS,JUNIE
JUNIOR:JUNIE,JUNE,JR
JUSTIN:JUSTINA,JUSTUS
KAITLIN:KAIT,KAITIE
KAITLYN:KAIT,KAITIE
KAITLYNN:KAIT,KAITIE
KAMERON:KAM
KARONHAPPUCK:HAPPY,CARRIE,HAPPE,CARRE,KAREN,KARON
KASEY:K.C.
KATARINA:TINA,CATHERINE
KATE:CATE,KAY
KATELIN:KAYE,KAY,KATE
KATELYN:KAYE,KAY,KATE
KATHARINE:KAT
KATHERINE:KATI,CATHLEEN,KATHE,KATARINA,KATHLEEN,KATE,KIT,KATY,KATHI,KAT,KITSE,CASSE,KATHIE,KITTY,KITTIE,CATHE,KAREN,KAYE,KAY,KATHY,KATHRYN,TINA,CATHERINE,KATHERINA,CASSIE,CATHY,LENA,KATH,KITTE,TRINA
KATHLEEN:KIT,KATY,CASSIE,CATHY,KITTIE,KAY,LENA,KATH,KATHY,TRINA
KATHRYN:KATHY,KATIE
KATHY:KATHI,KATHIE
KATIE:CATY,KATI
KATY:KATHY,KATIE
KAY:KAYE
KAYLA:KAY
KENDALL:KENNY,KEN
KENDRA:KENNY,KENJE,KENJ,KENJI,KAY
KENDRICK:KENNY,KEN
KENDRIK:KENNY,KEN
KENNEDY:KENNY,KEN
KENNETH:KENNY,KENDRICK,KENDALL,KENT,KENNE,KEN
KENNY:KENNETH,KEN
KENT:KENDRICK,KENNY,KEN
KERRY:KEZ
KESTER:KIT
KEVIN:KEV
KEZIAH:KIZZIE,KEZZE,KIZZA,KID
KIM:KIMBERLEY,KIMBERLY
KIMBERLEY:KIM,KIMMY
KIMBERLY:KIMBERLE,KIMMY,KYMBERLE,KYM,KIM,KIMME
KING:KINGSLE,KINGSTON
KINGSLEY:KING
KINGSTON:KING
KIPLING:KIP
KIT:KITTIE
KRIS:CHRIS
KRISTEL:KRIS
KRISTEN:CHRIS
KRISTIN:CHRIS
KRISTINA:KRISSY,KRIS,KRISSIE
KRISTINE:KRISTY,KRISSY,CHRIS,CRISSY,CHRISTY,KRIS,TINA
KRISTOPHER:CHRIS,KRIS
KRISTY:CHRIS
KURT:CURT
KURTIS:KURT
LAFAYETTE:LAFFIE,LEFT,LAFE,FATE,LEFFE,LAFFE
LAMONT:MONTY,MONTE
LAODICIA:CENIA,DICE,DICY
LARRY:LAURENCE,LAWRENCE
LAURA:LORIE,LAURIE,LAURI
LAUREN:LAURIE,REN
LAURENCE:LORRY,LORNE,LAW,LONNY,LARRY,LAURIE,LON,LAUREN
LAURIE:LORIE,LAURI
LAURINDA:LAURA,LAWRENCE,LORINDA
LAURYN:LAURIE,LAURE,LORRE
LAVEDA:VEDA
LAVERNE:VERNON,VERNA
LAVINA:INA,VINA,VINEY
LAVINIA:INA,VINEY,LOUVINIA,VINNIE,VINE,LAVINA,LOUVINA,VINA,VINNE,WYNCHA
LAVONIA:VINA,VINEY,WYNCHA,VONNIE
LAVONNE:VON
LAWRENCE:LAWRIE,LORRY,LORNE,LARRE,LAW,LONNE,LARS,LONNY,LARRY,LORRE,LAURIE,LON,LAWRE,LAURENCE,LAUREN
LEANNE:LEA,ANNIE
LECURGUS:CURG
LEMUEL:LEM
LENA:ELLEN
LENORA:LEE,NORA
LEO:LEE,LEON
LEONARD:LEO,LINEAU,LEON,LENNY,LENHART,LENNE,LEN
LEONIDAS:LEONIDA,LEE,LEON,LEO
LEONORA:LEE,ELENOR,NELL,NELLIE,ELEANOR,LOENORE,NORA
LEONORE:NORA,HONOR,ELENOR
LEOPOLD:LEO
LEROY:LR,LEE,ROY,L.R.
LESLIE:LEZ,LES,LESTER
LESTER:LES
LETITIA:LETTIE,LETTE,TITIA,TISHA,LETTY,TITTY,TISH,LETTICE
LEVI:LEE
LEVICY:VICY
LEVONE:VON
LEWVISA:VICE
LIB:LIBBY
LIBUSE:LIBBE,LIBA
LIDIA:LYDDY
LIL:LILY,LILLY
LILIAN:LIL
LILLAH:LOLLY,LILY,LIL,LILLY
LILLIAN:LOLLY,LILE,LILLAH,LIL,LILLY,LILLIE,LOLLE,LILLE
LILLY:LILY,LIL
LILY:LILLIE,LILLY
LINCOLN:LINK
LINDA:BELINDA,LIDIA,LIDDE,PHILINDA,LINETTE,LINDY,LYNETTE,LYDE,LYNDE,LINDE,LYNN,LYDDE,LINDIE,MELINDA
LINDSAY:LINDY,LINDIE
LINDY:LYNN
LIONEL:LEON
LISA:LIZZIE,LIZ,MELISSA,ALICE
LITTLEBERRY:BERRE,BERRY,LITTLE,LB,L.B.
LIZZIE:LIZ
LOIS:LOU,LOUISE,HELOISE
LON:LONZO
LONZO:LON
LORENZO:LOREN
LORETTA:LORRIE,ETTA,LORRAINE,LORRE,LAURA,RETTA
LORRAINE:LORRIE,RANA,LORRE
LOTTA:LOTTE,CHARLOTTA,CHARLOTTE,LOTTIE
LOU:LU,LOUIS
LOUIS:LOUIE,LEWIS,LOU,LOUISE
LOUISA:LOU,LULA,ELIZA,LOIS,LULU
LOUISE:LOU,LOIS,ELIZA,LULU
LOUSIE:LOU,ELOUISE,LOUETTA,ELIZA,LOIS,LORETTA,LOUISA,LULU,LOUISE,ELOISE,HELOISE
LOUVINIA:VINA,VINEY,WYNCHA,VONNIE
LUANN:LOUANN,LOU,ANN,LOUANNE,ANNE,ANNA,LUANNE,LULU,LOUISE
LUCAS:LUKE
LUCIA:LUCIUS,LUCY
LUCIANA:LUCIA,CYNTHIA,CINDE,LUCE,LUCINDA
LUCIAS:LUCAS,LUKE
LUCILLE:LU,CILLE,CEALL,LUCY,LOU,LUCE
LUCINA:SINAH
LUCINDA:LU,CYNTHIA,LUCY,LOU,CINDE,LUCE,CINDY
LUCRETIA:CREASEY,CREASE,CRECE,CRESE
LUCY:LUCINDA,LULU,LU
LUELLA:LU,LULA,ELLA
LUKE:LUCAS,LUCKY
LUNETTA:NETTIE
LURANA:LURA
LUTHER:LUKE
LUTHOR:LUKE
LYDIA:LIDDY,LYDDY
LYNDON:LINDY,LINDE,LYNN,LYNDE
LYNN:LYNNE
MABEL:AMABEL,MEHITABEL
MAC:MC
MACK:MAC,MC
MACKENZIE:MAC,KENZY,MACK
MADDISON:MADDIE,MADDI
MADDY:MADELYN,MADELINE,MADGE
MADELEINE:MADDY
MADELINE:MADELEINE,MADGE,MAGDA,MAGGE,MADDY,MIDDE,MAGDALENA,MAGGIE,LENA,MADDI,MADDE,MAUD,MAIDA,MADDIE
MADIE:MADELYN,MADELINE
MADISON:MADDY,MATTIE
MADONNA:MADGE
MAEGEN:MEG
MAGDALENA:MAGGIE,LENA
MAGDALENE:MADDY
MAGDELINA:MADGE,MAGDA,MADELINE,LENA,MAGDALEN,MAIDA
MAGGIE:MAGS
MAHALA:HALLIE
MAHALLA:HALLE
MAKAYLA:KAYLA
MALACHI:MALLY
MALCOLM:MAL,MAC,MALACHE,MALC
MALINDA:LINDY
MAMIE:MAYME
MANDA:MANDY
MANDIE:AMANDA
MANDY:AMANDA
MANERVA:NERVA,NERVIE,MINERVA,EVE,NERVE
MANNY:MANUEL
MANOAH:NOAH
MANOLA:NONNIE
MANUEL:MANNE,EMANUEL,MANNY
MARCUS:MARC,MARK
MARGARET:PEG,MAGGE,MAGS,MARGERE,MARJORE,MEG,MARGERY,META,GRETTA,MAISE,PEGGY,DAISY,MAGGIE,MAGGY,MARY,MAY,MADGE,MIDGE,MAE,MAISIE,DAISE,MARGIE,MARGY,MEGAN,MARGE,MEGGIE,MARGARETTA,METTA,MARGO,PEGGE,GRETA,MARGARITA,RITA,MARGARETHA
MARGARETTA:MEG,MARGERY,MADGE,MIDGE,PEG,GRETTA,PEGGY,MARGIE,DAISY,MAGGIE,RITA,MARGE
MARGARITA:MEG,MIDGE,METTA,MADGE,ROSARITA,MARGO,MAISIE,DAISY,GRETA,MAGGIE,MEGAN,MARGAUERITE,RITA,MARGE,PEGGIE
MARGE:MARGARET,MARGERY,MARGARETTA
MARGIE:MARJORIE,MARGIE
MARGUERITE:PEGGY
MARIAH:MARY,MARIA
MARIAN:MARION,MARIANNA
MARIANNA:MARY,MARIAN,MARIA,ANN,MARE,MARIANNE,ANNE,MIA
MARIE:MAE
MARIETTA:POLLY,MERCY,MITZI,MAY,MOLLIE,MARIE,MARY,MARIA,MINNIE,MARIAH,MAE,MOLLY,MAMIE,MAUREEN,MARION
MARILLA:RILLA
MARILYN:MARY
MARION:MARY
MARISSA:RISSA
MARJORIE:MARGY,MARGIE
MARK:MARKY
MARSHA:MARY,MARCIE
MARTHA:MARTY,PATTY,MOLLE,PATRICIA,PATTE,PATSY,PATSE,MATTE,MATTY,MART,MAT,MARTE,MATTIE
MARTIN:MARTE,MARTY
MARTINA:MARTY,TINA
MARTINE:TINE
MARV:MARVIN
MARVIN:MERV,MERVYN,MARV
MARY:MITZI,MOLLIE,MARIETTA,MERCE,MARIAN,MARTHA,MARIAH,MOLLY,MIME,MARILYN,MARGARET,MAUREEN,MINNE,MOIRA,MOLLE,MARIA,MARCIA,MAMIE,POLLE,MATE,MAY,MAE,MARYANNE,MARE,MAURA,JO,MOLL,MAME,POLLY,MITZE,MARICA,MAYME,MARION
MARYANNE:MARY,ANN,MARE,MARIANNE,ANNE,ANNA,MARIANNA,MARYANNA
MARYLOU:MARY,LOU,MARE,LULU,LOUISE
MASAYUKI:MASA
MAT:MATTIE
MATHEW:MATY,MAT
MATHILDA:PATTY,TILLIE
MATILDA:MATHILDA,PATTE,TILLE,MATTE,MATTY,TILLY,MAT,TILLIE,MAUD,MATTIE,TILDA
MATTHEW:THYS,THIAS,MATTY,MATT,MAT,MATTHIAS,MATTIE
MATTHIAS:MATT,THYS,THIAS
MATTIE:MATTY
MAUD:MIDDY,MAUDIE
MAUDE:MAUDIE
MAUREEN:MARY,RENA,REENE,MARE
MAURICE:MOE,MORRIS,MOSSIE,MORE,MOSSE,MOREY,MO,MAURE
MAVERY:MAVE
MAVINE:MAVERE,MAVE
MAVIS:MAMIE
MAX:MAXIE,MAXY,MAC,MACK
MAXIMILIAN:MAX
MAXIMILLIAN:MAX
MAXINE:MAXIE,MAXY,MAX
MAXWELL:MAX
MAY:MAE
MCKENNA:KENNA,KEN,MEAKA
MEDORA:DORA
MEGAN:MEG,MEGGIE
MEGHAN:MEG
MEHITABEL:MEHETABEL,HITTY,MEHITABLE,MEHETABLE,MITTY,MABEL,HETTE,MITTE,HITTE,BELLA,HETTY,AMABEL
MELANIE:MEL,MELLIE
MELCHIZEDEK:DICK,ZADOCK
MELINDA:BELINDA,PHILINDA,LYNNE,LINDY,MINDE,MELLE,MEL,LINDA,LYNN,MENDY,LINDE,MINDY
MELISSA:LISSA,LISA,MILLE,MISSY,MEL,MILLY,MISSE
MELLONY:MELLIA
MELODY:MEL,LODE,LODI
MELVIN:MEL
MELVINA:VINA
MELVYN:MEL
MERCEDES:MERCI,SADIE,MERCY,MERCE
MERLIN:MERLE,MERLYN
MERV:MERVIN
MERVIN:MERV
MERVYN:MERV
MICAJAH:CAGE,CAGER
MICHAEL:MICAH,MICKEY,MIKE,MICKE,MICK,MITCHELL,MICKY,MIKEY
MICHAELA:MICKEY,MICKY
MICHEAL:MIKE,MIKY,MIKEY
MICHELLE:SHELL,MICKEY,MICKE,MICKY,SHELLE
MICK:MICKEY,MICKY
MIKAELA:MICKEY,MICKY
MIKE:MICKEY,MICHAEL,MICK,MICKY,MIKEY
MILDRED:MILLE,MIME,MELL,MILLY,MILLIE
MILLICENT:MILLE,MISSY,MILLY,MISSE,MILLIE
MINDWELL:MINA,WILHELMINA,MINERVA
MINERVA:NERVA,MINNE,MINNIE,MINA,NERVE
MINNIE:WILHELMINA
MIRANDA:MANDY,RANDY,MINDY,MIRA,RANDE,MANDE
MIRIAM:MITZI,MITZE,MIME,MARE,MITZIE,MIMI
MISSY:MELISSA
MITCH:MITCHELL
MITCHELL:MICHAEL,MITCH
MITZI:MARY,MITTY,MITTIE,MARE
MITZIE:MITTY,MITTIE
MOLLY:POLLY,MOLLIE
MONET:NETTIE
MONICA:MONNIE,MONNA
MONTAGUE:MONTY
MONTELEON:MONTE
MONTESQUE:MONTY
MONTGOMERY:MONTY,GUM,MONTE,LAMONT,MONTESQUE
MONTY:LAMONT
MORRIS:MOREY,MO,MOE
MORTIMER:MORT
MORTON:MORT
MOSES:MOE,MOSS,AMOS,MOSE,MO
MOSHE:MOISHY
MURDOCH:MURDY
MURIEL:MUR
MYRTLE:MERT,MYRTI,MYRTE,MYRT
NADEZHDA:NADIA
NADINE:DEEDEE,NADA
NANCY:ANN,NANCE,NANNE,NAN,NANNY,AGNES
NAOMI:OMI
NAPOLEON:NAPPE,PONE,LEON,NAP,NAPPY
NATALIE:NATTY,NATTE,NAT,NETTIE,TALLE,NETTE
NATALYA:NAT
NATASHA:NAT,TASH,TASHA
NATHAN:NAT,NATE
NATHANAEL:NAT,NATE
NATHANIEL:NATTY,NATTE,NAT,FANNNE,THAN,JOHNATHAN,JONATHAN,NATE,NATHAN
NELLE:NELLY
NELLIE:NELLY
NELSON:NELS
NEWT:NEWTON
NEWTON:NEWT
NICHOLA:NIC
NICHOLAS:NICKIE,NICODEMUS,COLL,NICKE,NIC,NICOLAS,NICK,NICKY,NICO,CLAES,CLAAS
NICK:NIK
NICODEMUS:NICKIE,NIC,NICK,NICKY,NICO
NICOLA:NICKY,NIC,NIKKI,NICKI
NICOLE:NIC,NICKI,COLE,NICKY,NIKKI,NOLE
NICOLENA:NICKE,NIKKE,NICOLENE,NICOLINA,NICOLE
NIK:NICK
NIKOLAI:NICHOLAS,NICOLAY
NIKOLAS:NICKIE,NIC,NICK,NICKY,NICO,CLAES
NIKOLE:NIKKI
NINELL:NETTE
NOEL:KNOWELL,NOWELL
NORA:NONIE
NORBERT:NORBY,BERT,NORBE
NORBUSAMTE:NORBU
NOREEN:NORRIE
NORETTE:NORRIE
NORMAN:NORM
NOWELL:NOEL
OBADIAH:DYER,OBE,OBIE,JEDEDIAH,DIAH,OBED
OBEDIENCE:BEEDE,BEDA,BIDDE,BEEDY,BIDDIE,BEDE,OBED
OBERON:OBE
OBIE:OBEDIAH
OCTAVIA:TAVE,TAVIA
ODELL:ODO
OLIVE:LIVIA,OLLIE,NOLLIE
OLIVER:OLLIE,OLI,OLLE
OLIVIA:LIVIA,NOLLE,OLLE,OLIVE,NOLLIE,LIVVY,OLLIE,LIVE
OLLIE:OLIVER
OLWEN:OLLIE
ONICYPHOROUS:CY,OSAFORUS,SYPHOROUS,OSAFORUM,ONE,CYPHORUS
OPHELIA:PHELIA,ORPHELIA
ORILLA:RILLY,ORA
ORLANDO:ROLAND
ORPHELIA:PHELIA
OSSY:OZZY
OSWALD:OZZE,OSSE,OZZY,WALDO,OZZIE,OSSY
OTHELLO:OTE,OTIS
OTIS:ODE,OTE
PAMELA:PAMMY,PAM
PANDORA:DORA
PARMELIA:MILLY,AMELIA,MELIA
PARTHENIA:PATTE,PHENIE,PARSUNE,TEENY,PASOONIE,PHENE,THENE,PARSUNY,PASOONE
PAT:PAT
PATIENCE:PATTE,PATTY,PAT,PATRICIA
PATRICIA:TRIXE,TRISH,PATTY,TRISHA,PATTE,TRIXIE,PATSY,PATSE,PAT,TRICIA,PATTI,TISH
PATRICK:PATRICIA,PATE,PATSY,PATSE,PAT,PADDY,PADDE,PETER
PATSY:PATTY
PATTY:PATTI,PATRICIA
PAUL:POLLY,PAULIE
PAULA:LINA,POLLY
PAULINA:LINA,POLLY,PAULA,PAULINE,POLLE
PAULINE:POLLY
PEG:PEGGY
PEGGY:PEG
PELEGRINE:PERRE,PERRY
PENELOPE:NEPPE,PENNE,PENNY
PERCEVAL:PERCE,PERCY
PERCIVAL:PERCE,PERCY
PEREGRINE:PERRY
PERMELIA:MELLIE,MILLE,MELLY,MELLE,MILLY
PERNETTA:NETTE,NETTIE
PERSEPHONE:SEPH,SEPHY
PETER:PETEY,PATE,PETE
PETRONELLA:NELLIE
PHARABA:PHERBIA,FERBE,PHERIBA
PHENEY:JOSEPHINE
PHERIBA:PHERBIA,FERBIE
PHILADELPHIA:DELPHA,PUSS,DELPHIA
PHILANDER:FIE
PHILETUS:LEET,PHIL
PHILINDA:BELINDA,PHILINDA,LINDY,LINDA,LYNN,PHYLLIS
PHILIP:PHIL,PIP
PHILIPINA:PENE,PHOEBE,PENIE,PHILILPA
PHILIPPA:PIPPA,PHIL,PIP
PHILLIP:PHIL,PIP
PHILLY:DELPHIA
PHILOMENA:MENA,PHIL,MENAALMENA
PHINEAS:FINNE
PHOEBE:FIFI
PINCKNEY:PINK
PLEASANT:PLES,PLEAS
POCAHONTAS:POKE,POKEY
POSTHUMA:HUME,HUMEY
PRESCOTT:PRES,SCOTT,SCOTTY,SCOTTE
PRISCILLA:CISSY,PRISSE,CILLER,CISSE,CIL,CILLA,PRISSY,SILLA
PROVIDENCE:PROVY
PRUDENCE:PRU,PUSS,PRUDE,DENSE,PRUE,PRUDY
PRUDY:PRUDENCE
QUINCE:QUINT,QUINN
QUINCY:QUIN
QUINTON:QUIN
RACHEL:RAE,RAY,SHELLY,RAECH,SHELLE
RAE:DANNIE,RAY
RAFAELA:RAFA
RALPH:RALPHIE
RAMONA:MONA
RANDALL:RANDY
RANDOLPH:DOLPH,RANDALL,RANDY,RANDE
RAPHAEL:RAPH,RAFF,RALPH
RAY:RAE,RAYMOND
RAYMOND:RAY
REBA:BECK,BECCA
REBECCA:BECKI,BECK,BECCA,BEKI,BECKE,REBA,BECKY
REG:REGGIE
REGGIE:REG,REGINALD
REGINA:RAY,GINA,REGGIE,REGGE
REGINALD:REGGE,REGGIE,NALDO,RENNY,REYNOLD,RENNE,RENALDO,REG
RELIEF:LEAFE,LEAFA
REUBEN:RUBE
REYNOLD:REGINALD
RHODA:RODIE
RHODELLA:RHODA,DELLA,DELL,RHODE
RHYNA:RHYNIE
RICARDO:RICKY,RICO,RICK
RICH:DICK,RICHE,RICK
RICHARD:RICKE,RICKI,RICH,DICKIE,DICKSON,RICKIE,HICK,DICKY,RICHE,RICK,RICHIE,DICKON,DICKEY,RICKY,DICK,RICARDO,RICKEY
RICK:RICKY
RICKIE:RICKI
RICKY:RICKI,DICK,RICH,RICKEY
ROBBIE:RABBIE
ROBERT:BOBBIE,HOB,RABBIE,ROBBIE,ROBBY,HOBKIN,BOBBY,ROB,ROBERTO,DOBBIN,ROBBE,RUPERT,DOB,ROBIN,BOBBE,BOBBI,BOB
ROBERTA:ROBBI,BERTE,BOBBIE,BIRDIE,ROBBY,ROBBIE,ROBBE,BOBBY,BERT,BIRDE,BOBBE,BOBBI,BERTIE
ROCCO:ROCKY
RODERICK:RODDY,ROD,ERICK,RICKIE
RODGER:ROBBY,ROD,ROGE,BOBBY,HODGE,RUPERT,ROBIN
RODNEY:RONALD,REGINALD,ROD,RODDE,ROGER
ROGER:RODNEY,ROBBY,ROD,ROGE,BOBBY,HODGE,RUPERT,ROBIN,HODGEKIN,RODGER,ROG
ROLAND:REGINALD,ROLLE,LANNY,ROLLY,ORLANDO,ROLAND,ROWLAND,ROLLO,LANNE
RON:RONNIE,RONNY
RONALD:RONNE,RONNY,NALDO,RONALDO,REGINALD,ROLAND,RONNIE,RON
RONNIE:RONNY
RONNY:RONALD
ROSA:ROSE
ROSABEL:ROSE,ROZ,ROSA,BELLE
ROSABELLA:ROSABLE,ISABELLA,ROSE,ROSARITA,ROZ,ROSEANNE,ROSALYN,ROSA,BELLE
ROSALINDA:ROSE,LINDA,ROZ,ROSA
ROSALYN:ROSE,ROSALINDA,ROSARITA,ROZ,LINDA,ROSABELLA,ROSEANNE,ROSA
ROSCOE:ROSS
ROSE:ROSIE
ROSEANN:ROSIE,ROSE,ANN,ROZ
ROSEANNA:ROSIE,ROSE,ANN,ROZ
ROSEANNE:ROSEANN,ROXE,ROXANNE,ROXANNA,ROSE,ROSARITA,ANN,ROZ,ROXANE,ROSABELLA,ANNA,ROSALYN,ROSEANNA,ROX
ROSEMARY:ROSIE
ROSINA:SINA
ROXANA:ROXY
ROXANE:ROXIE,ROX,ROXY
ROXANNA:ROSE,ANN,ROXIE
ROXANNE:ROXY,ROSE,ANN,ROXIE
RUDOLPH:DOLPH,RUDY,ROLF,OLPH
RUDOLPHUS:DOLPH,RUDY,ROLF,DOLF,RUDE,ADOPH,ADOLF,ROLLO,RUDOLPH,OLPH,ADO,AD,ADOLPHUS
RUFINA:REFINA,FINA
RUSSELL:RUSTY,RUSS,RUSTE
RYAN:RY
SABRINA:BRINA,SERILLA,SELINA,SYBRINA,RENA,SERENA,REENE
SAFFRON:SAFFY
SAFIEEL:SAFIE
SALLY:SAL
SALOME:LOOMIE
SALVADOR:SAL
SAM:SAMMY
SAMANTHA:SAMMI,SAMMY,SAM,SAMMIE,MANTHA
SAMMY:SAMUEL
SAMPSON:SAM,SAMSON
SAMSON:SAM
SAMUEL:SAMANTHA,SAMMY,SAMSON,SAM,SAMME,SAMMIE,SAL
SAMYRA:MYRA
SANDRA:CASSANDRA,SANDY
SANDY:SANDRA
SANFORD:SANDY
SARAH:SURRE,SARA,SADE,SUKE,SALLE,SADIE,SALLIE,SALLY,SAL
SARILLA:SILLA
SAVANNAH:VANNIE,ANNA
SCOTT:SCOTTIE,SCEETER,SCOTTY,SQUAT
SEBASTIAN:SEB,SEBBY,BASTIAN
SELINA:SABRINA,LENA,CELINA
SELMA:ANSELM
SERENA:RENA
SERILLA:RILLA
SEYMOUR:SEYMORE,MORE,SEE,MOREY,MORRE
SHAINA:SHAY,SHA
SHARON:SHAY,CHERYL,SHERE,SHARYN,SHERYL,SHERYN,SHARE,SHAR,SHAZ,SHARRE,SHERON,SHA
SHAUN:SHAYNE,SHANE,SEAN,SHAWN
SHEILA:CECILIA
SHELDON:SHELLY,TONE,SHELTON,SHEL,SHELLE
SHELLEY:SHELLY
SHELTON:SHEL,TONY,SHELLY
SHERIDAN:DAN,SHER,DANNY,DANNE
SHERYL:SHER
SHIRLEY:SHIRL,LEE,SHERRY,SHERRE
SHLOMO:SHLOIME
SIBBILLA:SIBYL,SIBBE,SYBILL,SIBBIE,SIBBELL,CIBYL
SIDDHARTH:SID
SIDDHARTHA:SID
SIDNEY:SYDNE,SYD,SID
SIGFIRED:SID
SIGFRID:SID
SIGISMUND:SIGMUND,SIG
SILAS:SI
SILENCE:LILEY
SILVESTER:SI,VESTER,SLY,SYL,VEST
SIMEON:SI,SIM,SIMON,SION
SIMON:SI,SIM,SION
SMITH:SMITTE,SMITTY
SOCRATES:CRATE
SOLOMON:SOLLY,ZOLLY,SOL,SAUL,ZOLLE,SOLLE,SALMON,SAL
SONDRA:SONNIE,DRE
SOPHIA:SOPHIE
SOPHRONIA:SOPHIA,SOPHE,FRONE,FRONA,FRONIA
SPENCER:SPENCE
STACEY:STACE
STANFORD:STAN
STANISLAS:STAN
STANISLAV:STAN
STANISLAW:STAN
STANLEY:STAN
STEPHAN:STEVE
STEPHANIE:STEFF,STEVIE,STEF,ANNIE,STEFFY,STEFFI,STEPHIE,STEVE,STEFFIE,STEPH
STEPHEN:STEVIE,STEENIE,STEVEN,STEVE,STEPH
STEVEN:STEVIE,STEPH,STEVE
STEWART:STEW,STEWIE
STUART:STU
SUBMIT:MITTY,MITTE
SUE:SUSAN,SUSIE
SULLIVAN:VAN,SULLY,SULLE
SUSAN:SUSY,SUE,SUZI,SUZY,SUSIE,SUZIE,HANNAH,SU,SUKEY
SUSANNA:SUZE
SUSANNAH:SUZE,SUKE,SUE,SUSE,SUSIE,SUSANNA,SUCHE,SUZANNE,HANNAH,SUSAN,SUKEY
SUSIE:SUZIE
SUZANNE:SUKI,SUZE,SUSIE,SUE
SYBILL:SIBBIE
SYDNEY:SYD,SID
SYLVANUS:SYL,SLY
SYLVESTER:SI,SLE,VESTER,VESSIE,SILVESTER,SYLVANUS,SLY,VET,VESSE,SILVER,SYL,SY,VEST
TABBY:TABITHA
TABITHA:TABBE,TABBY
TALLULAH:LULA
TAMARA:TAMME,TAMARRA,TEMERA
TAMARRA:TAMMY
TAMMY:TAMMIE
TANAFRA:TANNY
TASHA:TASH,TASHIE,TASHE
TED:TEDDY
TEDDY:TEDDIE
TEMPERANCE:TEMPE,TILLE,TEMPY
TENNESSEE:TENNE
TERENCE:TERRY,TEL
TERESA:TERRY,TERRI,TESS,TERRIE
TERRENCE:TERRE,TERENCE,TERRANCE
TERRY:TERENCE,TERRI,TERRIE
TESS:TERESA,THERESA
TESSA:TERESA,THERESA
THAD:THADDEUS
THADDAEUS:THADY,TAD,THAD
THADDEUS:THADY,TAD,THAD
THEO:THEODORE
THEODORA:THEO,DORA
THEODORE:THEODRICK,THEODORICK,TEDDE,TEDDIE,THEO,TEDDY,TED,TAD
THEODOSIA:THEODORA,THEODORE,DORA,THEODOSIUS,THEO,DOSIA
THEOPHILUS:THEO,OPHE,OPHI
THEOTHA:OTHA
THERESA:TESSA,THURSA,THERESE,TERESA,TRISSE,TERRY,THIRZA,TESS,TERRE,THIRSA,THRIZA,TICE,TESSE,TRACE,TERI,TRACY,TESSY,TESSIE
THOM:TOM,THOMAS,TOMMY
THOMAS:THOM,TOM,TOMME,TOMMY
THOMASA:TAMZINE
THOMASINE:THOMASA,TAMZINE
TIFFANY:TIFF,TIFFY
TILFORD:TILLE,TILLIE,FORD
TIM:TIMMY,TIMOTHY
TIMMY:TIMOTHY
TIMON:TIM
TIMOTHY:TIMMY,TIMME,TIM
TINA:CHRISTINA
TIPTON:TIPSE,TIPPE
TISHA:TISH
TOBIAH:TOBY
TOBIAS:BIAS,TOBY,TOBE
TOM:THOMAS,TOMMY
TOMMY:THOMAS
TONY:ANTHONY
TRACY:TRACE
TRANQUILLA:QUILLA,TRANNIE
TREVOR:TREV
TRISH:TRISHA,PATRICIA
TRIX:TRIXIE
TRUDY:TRUDI,TRUDIE,GERTRUDE
TRYPHENA:PHEOBE,PHENE,PHENA,PHOENE,TRYPHOSIA
TRYPHOSIA:PHOSE,TRYPHENIA
TYLER:TY
TYRON:TY
TYRONE:TY
TYSON:TY
UNICE:NICIE,EUNICE
URIAH:RIAH
URSULA:SULIE,SULA
VALENTINA:VALERE,FELTY,VALLIE,VALEDA,VALLE,VAL
VALENTINE:VAL,FELTY
VALERI:VALERIE,VAL
VALERIE:VAL
VALERIUS:VAL
VANBUREN:BUREN
VANCE:VAN
VANDALIA:VANNIE
VANESSA:VAN,VANNA,ESSA,VANNE,NESSA
VERNISEE:NICE,NICEY
VERNON:VERN
VERONICA:RONNA,FRANKE,RONNE,VONNIE,VONNE,FRANKY,FRONY,RONNIE,FRONE,VICKE,RONIE,RON
VIC:VICKIE,VICKI,VICTOR,VICKY
VICKI:VICKIE,VICTORIA,VICKY
VICTOR:VIC,VICK
VICTORIA:VIKKI,TORRE,VICKI,TORIE,TORE,VIC,VICKEY,VICKE,TORY,VICKIE,VICKY
VIJAY:VIJ
VIN:VINNY
VINCE:VINNIE
VINCENT:VINNY,VIN,VINSON,VIC,VINNIE,VINCE,VINNE
VINCENZO:VINNY,VIN,VIC,VINNIE,VINCE
VINSON:VIN,VINNIE,VINNY
VIOLA:VI,OLA
VIOLET:VIOLA,VI
VIOLETTA:LETTIE
VIRGIL:VIRG
VIRGINIA:JENNE,JANE,GENEVIEVE,GINNE,GING,JINE,JENNIE,VIRGE,GEN,VERGE,VIRGY,GINA,GINNY,GINGER
VIVIAN:VIV,VI
VLADIMIR:VOLODIA
WAITSTILL:WAITE
WALDO:OSWALD,OSSY,OZZY
WALLACE:WALLE,WALLY
WALLY:WALT
WALTER:WALT,WAT,WALLY
WASHINGTON:WASH
WEBSTER:WEBB
WENDY:WEN
WESLEY:WES
WESTLEY:FARMBOY,WES,WEST
WILBER:WIB,WILBUR,WILL,GILBERT,BERT,WIL
WILBUR:WILLY,WILLIE,WIL,WILL
WILDA:WILLIE,WILLE
WILFORD:WIL,WILL
WILFRED:WILL,WILLIE,FRED,WIL,WILLE,WILF
WILHELM:WILLIE,WIL
WILHELMINA:HELME,MINNE,MINNIE,WILLIE,WILLE,MINA,WILMA
WILL:FRED,WILLIE,BILL,WILBUR
WILLARD:WIL,WILL
WILLIAM:WILLY,BELA,WILL,WILLIS,WILLIE,BELL,WILE,BILL,WIL,BILLE,WILLE,BILLY,WILHELM
WILLIE:FRED,WILLIAM
WILLIS:BILL,WILLY
WILMA:BILLIEWILHELM,WILLIAM
WILSON:WILLY,WILLIE,WILL
WINFIELD:WINIFRED,WINNY,FIELD,WIN,WINNE
WINIFRED:WINNIE,WINNET,FREDDIE,FREDDE,FRED,WINNE,WENEFRED
WINNIE:WINNIFRED
WINNIFRED:WINNIE,WINNY,FREDDIE,FRED,FREDDY
WINNY:WINNIFRED
WINSTON:WINNIE
WINTON:WINT
WOODROW:WOOD,WOODE,DREW,WOODY
YEONA:ONA,ONIE
YOLANDA:YOLONDA
YOSHIHIKO:YOSHI
YULAN:YUL,LAN
YVONNE:VONNA
ZACH:ZACK,ZAK
ZACHARIAH:ZACK,ZEKE,ZACHARE,ZAC,ZAK,ZACHARIAS,ZACH,ZAKK,RYE,ZACHY,ZACHE
ZACHARY:ZACK,ZEKE,ZAC,ZAK,ZACH,ZAKK,ZACHY
ZACHERY:ZACK,ZEKE,ZAC,ZAK,ZACH,ZAKK,ZACHY
ZACK:ZAK,ZACH
ZADOCK:ZED,DOCK,DICK,MELCHIZEDEK
ZEBEDEE:ZEB
ZEBULON:LON,ZEB
ZEDEDIAH:OBEDIAH,ZED,DYER,JEDEDIAH,DIAH
ZEDEKIAH:ZED
ZELPHIA:ZEL,ZELPHE,ZELLA
ZEPANIAH:ZEPH
ZEPHANIAH:ZEPH
